"","id","class","math","english","science","mytotal","myavg"
"1",6,2,50,89,98,237,79
"2",17,5,65,68,98,231,77
"3",18,5,80,78,90,248,82.6666666666667
"4",19,5,89,68,87,244,81.3333333333333
